{
    "templates": [
        {
            "name": "SampleGo",
            "position": {
                "x": 1.0,
                "y": 1.0,
                "z": 0.0
            },
            "rotation": {
                "x": 0.0,
                "y": 0.0,
                "z": 0.0,
                "w": 1.0
            },
            "scale": {
                "x": 5.0,
                "y": 5.0,
                "z": 5.0
            },
            "color": {
                "r": 0.849056601524353,
                "g": 0.02803490310907364,
                "b": 0.02803490310907364,
                "a": 0.0
            }
        }
    ]
}